geo_label_citystate,People w/ Disabilities,Adult Physical Inactivity,Life Expectancy,Homicides,Violent Crime,Unemployment,Public Assistance,Service Workers,Excessive Housing Cost,Income Inequality,Racial Seg W/NW,Limited Internet Access,College Graduates,Renters vs Owners,Longer Summers,Poor Air Quality,Longer Driving Commute,Walking to Work,Riding Bike to Work,Limited Supermarket Access,Foreign Born Pop,Per-capita HH Income,Population Density,Uninsured All Ages,Transit
"Austin, TX",9.495778592,20.8,81.65576951,3.464729989,400.887571,4.486087169,7.502032733,24.64530762,28.61678787,0.485,29.59316073,19.89012,58.2253011,1.250094543,52.11071429,31.78082192,31.79673375,2.373933145,0.766289587,53.41073629,18.08646274,59427.0,2965.58549,12.41098065,2.073851401
"Baltimore, MD",16.47616857,30.0,73.07349715,42.42205709,1858.719876,6.551636797,24.71828513,34.48015677,32.81379685,0.5139,57.52148165,31.39554046,35.42740539,1.104587788,36.06785714,26.1707989,40.92821198,5.618467061,0.621501957,45.26728647,8.844528607,39195.0,7130.587353,5.778666437,11.47525722
"Boston, MA",12.11244422,26.9,81.40610184,5.725059544,607.2043277,6.011824345,19.80187382,26.79366905,32.55150135,0.5325,49.69847631,24.22262677,54.0651034,1.825701072,24.24642857,15.06849315,48.28816543,13.76189434,2.1498315,16.36890842,27.50612978,60001.0,13735.38563,3.048610437,24.02973821
"Charlotte, NC",8.264213337,22.8,80.3745622,9.668777525,739.4149916,4.414529327,10.40902797,32.64400711,26.20216007,0.5014,48.86891645,20.59035595,47.44775034,0.94092827,38.68055556,35.89041096,33.27478828,1.659622222,0.170325233,56.7278064,18.11814059,49991.0,2851.99579,12.85501426,2.205837625
"Chicago, IL",11.91232195,27.3,78.36689923,19.90987762,943.1620383,7.920285676,19.90402487,34.02715397,30.46748193,0.5235,57.39653309,27.53177948,43.32242079,1.195697261,35.05,58.90410959,56.44703751,5.707593069,1.372034628,24.63796178,20.70664281,48148.0,11888.79045,9.817318763,19.26711938
"Cleveland, OH",19.8725615,38.3,73.20972003,29.56787356,1516.647505,11.46300793,32.22849418,46.36726749,30.50364063,0.5075,50.21676325,29.43289274,21.32757868,1.429024081,42.075,48.49315068,24.40212709,5.26605671,0.517728474,46.74524586,6.076626497,27078.0,4727.865462,7.719226531,6.89635063
"Columbus, OH",12.24206986,29.4,77.47002269,12.42600108,503.354964,5.073771901,13.67578852,36.20270932,26.12596067,0.4457,40.7821398,17.14934756,38.22032196,1.256142542,37.875,33.15068493,23.32156006,2.571649916,0.368878186,60.1187379,14.40506134,37189.0,4106.823891,9.760455172,2.129709915
"Dallas, TX",11.36526445,32.3,78.70071858,11.66998747,862.9093483,4.926721949,12.66196751,39.13659413,30.97390718,0.5267,56.926209,24.89310437,37.42681082,1.360843225,38.65,37.80821918,38.51697815,2.183483919,0.157007387,50.98624251,23.3857334,44138.0,3825.855672,23.01048176,2.33775015
"Denver, CO",10.08742444,18.7,79.4429706,8.233467941,748.8946293,4.598887162,9.818616534,27.13129938,27.86927526,0.4883,45.22909494,20.99632844,55.64666503,1.035588112,0.0,50.95890411,36.70008354,3.919570387,1.61418167,48.13984142,13.84927718,61202.0,4662.668868,8.778534661,4.521395135
"Detroit, MI",19.5994769,37.5,73.88752511,37.72422095,1965.329419,14.14849525,38.87846703,52.92144001,32.61205259,0.5094,52.67967839,25.59021738,17.60589424,1.01074432,26.63392857,57.53424658,32.45394848,3.072800357,0.465832961,52.62888756,5.951520787,24029.0,4588.928373,7.526313123,5.992407325
"El Paso, TX",14.26764227,29.4,79.12078299,3.886805185,352.6535652,6.188054025,20.14046403,42.5492793,27.21521597,0.4727,34.82287304,26.34056953,27.46307433,0.661370441,48.6,59.7260274,28.07183078,1.071725458,0.134131276,60.60555071,22.30504596,28942.0,2620.469755,20.95500046,1.047879898
"Houston, TX",11.00936088,28.9,76.96231597,14.18216589,1072.208171,6.678515283,15.27883247,41.91245356,31.86094163,0.5339,59.55475355,22.34934049,35.9805103,1.382642875,77.05,50.95890411,42.57457776,1.915419822,0.425588916,42.00952358,28.83713793,41142.0,3591.00193,23.99551043,3.250262285
"Indianapolis, IN",13.50622585,33.4,74.72948027,21.92981858,1272.812631,5.202137247,13.37077558,39.70193106,25.7486828,0.472,40.53709934,23.30202274,34.16120571,0.807252829,31.47222222,58.08219178,31.38627406,1.75727065,0.377052167,70.75059271,11.63435343,36194.0,2443.220256,8.997395162,1.41135123
"Kansas City, MO",12.81300348,33.9,78.09520541,27.56690275,1431.353889,4.714639308,11.55244526,35.71963693,24.54142861,0.4675,45.80415216,23.61436591,37.81308853,0.831385016,14.75,27.39726027,23.38129685,1.539131365,0.219985029,63.2362916,8.463440981,40112.0,1615.076977,11.28836401,1.934798882
"Las Vegas, NV",13.30251493,27.6,78.69267681,7.281269248,531.1965481,7.214005901,15.84468291,44.16891849,30.91040752,0.4811,35.13062432,22.379637,27.26513784,0.794830561,61.4,57.80821918,36.64855732,1.316466843,0.25164262,42.27336291,20.92282212,38421.0,4588.063887,13.18936173,2.458849827
"Long Beach, CA",11.41904925,24.3,78.95426177,7.642745816,506.2247048,6.450878867,15.48079786,38.5326073,36.12769907,0.4605,48.25758355,20.43401165,34.84411049,1.447481213,7.125,81.91780822,47.68788906,2.599466709,0.575324112,19.33773672,24.69143342,42370.0,9048.176072,9.000654689,3.913429921
"Los Angeles, CA",11.14381898,25.2,82.01989529,6.85611482,732.1544816,7.9297339,16.39184792,38.00850512,41.55324186,0.5256,53.01541534,20.89823797,37.81832038,1.752186278,7.125,81.91780822,51.00305443,3.118623141,0.657583544,26.17898332,35.81256835,46270.0,8199.271838,10.00625871,6.651528128
"Louisville, KY",14.73983919,31.8,76.12044031,16.42392979,686.8975768,4.994089474,12.69239552,41.30119678,23.26254091,0.4809,39.6520404,22.57528946,33.42802744,0.651393446,42.15,45.20547945,24.81373933,2.021943011,0.286284149,64.53458852,9.806603849,38890.0,2384.238636,5.843279576,2.191689599
"Memphis, TN",13.60898642,35.8,73.04948265,37.21976592,1901.41603,8.253417604,21.01206145,45.98469994,31.66345814,0.5171,59.5458261,27.79093887,28.17727558,1.174336457,29.5625,34.52054795,22.70755216,1.682125846,0.167961895,73.28066357,7.403709962,32314.0,2123.760714,14.82632694,0.804712961
"Milwaukee, WI",13.15563351,29.9,74.59913272,22.40940022,1332.491712,5.935634441,28.29014557,47.7333414,31.93557321,0.4722,56.2117357,26.0214166,26.55663832,1.409886328,37.825,26.30136986,24.74862331,3.953630638,0.481699646,43.77886988,10.78724928,29679.0,5924.299973,9.146248749,5.358716186
"Minneapolis, MN",11.62989842,18.3,80.64318901,8.257470531,925.7196949,5.659404508,14.33228893,27.33075561,26.39935642,0.4861,40.14749096,24.28564648,54.45138374,1.083496901,23.45,32.87671233,24.68075154,5.99281495,2.260418531,31.09384599,14.12011386,50605.0,7904.585583,5.894194513,7.526402771
"Nashville, TN",11.02332963,26.5,76.99519806,13.21630239,1073.089686,4.576310482,9.77205565,32.22057925,27.29138595,0.4796,42.34701993,21.77100062,46.91966061,0.886847225,28.33333333,32.05479452,34.79950222,1.918062128,0.309895958,64.09903431,15.09605464,46820.0,1438.912591,12.58865954,1.662338214
"New York City, NY",11.68735519,29.9,82.8166328,4.084529757,570.7215013,7.665589639,21.80181425,36.07467002,36.73519218,0.5501,56.73135733,24.84736129,41.03041168,2.04975608,44.70357143,19.7260274,61.19480597,9.391803361,1.512514229,2.690364436,36.49575245,50776.0,28344.13348,6.423524801,45.554924
"Oakland, CA",11.68658363,22.6,81.06606483,12.45791731,1271.783907,5.99006577,15.51400574,31.94903987,34.22297161,0.5129,44.75607456,25.86749917,47.87310832,1.397538487,1.0,28.76712329,41.14480779,3.028529691,1.873965997,32.51281903,27.06906627,58987.0,7827.820614,5.912689582,14.50420641
"Oklahoma City, OK",13.89270631,34.2,78.14595053,9.367420854,722.1571995,4.690741647,14.7736316,38.76402506,23.35996919,0.4664,33.57136281,21.63594941,33.97903086,0.691195359,17.45833333,37.80821918,25.69244769,1.4056556,0.201985702,65.52409392,12.03787464,37109.0,1135.560137,13.97965013,0.406915802
"Philadelphia, PA",17.43103314,31.5,76.35653548,24.1870074,908.6807367,8.402846337,27.50731446,37.98897904,30.52574482,0.5152,57.20717135,24.50124282,34.63927807,0.911292879,42.10833333,33.15068493,51.97368226,7.482869813,1.882970608,22.97037831,14.58470253,37669.0,11777.86213,7.17017111,17.87728293
"Phoenix, AZ",11.46601406,26.7,80.55756734,7.539561717,698.9309075,5.10365982,12.56457881,38.88586452,25.82453853,0.4694,47.7285633,23.41696932,32.33397023,0.7514598,56.55,81.91780822,36.3204824,1.56559268,0.437986592,49.71560018,19.03673734,40309.0,3134.740779,14.49370033,2.036095712
"Portland, OR",13.15518466,19.9,78.59800978,4.844904422,544.6192045,5.534125166,16.39340835,28.10850163,29.71048322,0.4768,24.39497925,18.71413184,53.46684646,0.892289233,13.66666667,12.05479452,30.3690839,4.77321308,3.708344263,35.34732254,12.42432493,55312.0,4814.769751,5.495564832,7.276045475
"San Antonio, TX",15.51461081,29.8,77.19647692,8.775866044,708.4556744,5.837588328,16.85852636,41.24865256,29.18962625,0.4619,38.3758673,22.86655595,28.70390259,0.90836831,30.9,46.30136986,32.55285753,1.708240624,0.238947772,65.83908842,14.3342422,32983.0,2924.212417,17.5484333,2.085895361
"San Diego, CA",10.01267304,20.9,82.96687572,2.816652854,361.7164573,5.859167346,10.33331674,29.81131433,33.93744278,0.463,43.90516549,16.51587788,49.86191239,1.102079349,26.90833333,76.16438356,29.83267801,3.406964557,0.716100463,32.99915428,24.75125644,54678.0,4247.519091,6.270201161,2.984986583
"San Francisco, CA",11.2001913,19.0,83.25246903,4.463161057,669.6335356,5.624034281,11.3768096,21.3002561,26.54680822,0.5181,33.90614845,26.91323675,60.12076421,1.597593296,1.0,14.24657534,47.62710617,9.961045719,3.28804468,10.63036177,34.21939662,90285.0,17908.48553,3.458986865,21.42443312
"San Jose, CA",9.62987674,22.1,83.51475433,3.187154418,438.3620126,4.66518664,9.436387395,32.67864837,28.52950267,0.4596,42.53991114,18.35160681,46.50154575,0.787350538,4.0,25.75342466,41.44186417,1.761957343,0.540798788,31.92225428,41.58581249,63253.0,5564.018996,4.901785823,2.820757317
"Seattle, WA",10.03123845,14.9,83.52053533,3.372521961,585.4347092,4.223564627,9.204320447,19.78162322,26.4405032,0.4878,30.9602462,20.15717531,67.51127587,1.260131631,13.75,23.28767123,37.1322336,8.255779911,2.500266151,27.53257637,19.94483707,82508.0,8826.622156,4.365905779,13.87910538
"Tucson, AZ",15.51566061,25.1,74.19343114,9.630711319,688.3987935,6.375034419,17.10077967,40.23865637,29.55640952,0.4565,39.7559496,19.49107343,30.17488589,0.935901405,53.1,38.35616438,26.26984216,2.65677807,1.620978846,55.47136849,13.65276029,31152.0,2243.501552,10.98753315,2.364970585
"Washington, DC",10.95165411,19.6,78.9731609,20.19124405,977.1179272,6.483062157,14.19441715,16.63740879,26.85690828,0.5144,54.81398198,27.40854464,63.56362225,1.430726899,23.26666667,33.69863014,48.75791947,10.03748811,3.279057349,35.16094146,13.32849263,75253.0,10994.93677,3.41395506,22.28685585
